name,locations,nation,outsourcing,product,working_schedule,overtime

100 Degrees Entertainment,"District 3, Ho Chi Minh",Viet Nam,False,True,Monday - Friday,False

1PAC Việt Nam,"District 1, Ho Chi Minh",Japan,False,True,Monday - Friday,False

2359 Media Viet Nam,"District 10, Ho Chi Minh",Viet Nam,True,False,Monday - Friday,False

2Click Solutions,"District 12, Ho Chi Minh",Croatia,False,True,Monday - Friday,False

2EPAY International Technology Software Company Limited.,"District 10, Ho Chi Minh",Viet Nam,True,False,Monday - Friday,False

3ASOFT,"Tay Ho, Ha Noi",Viet Nam,False,True,Monday - Friday,False

3DPTECH,"Ho Chi Minh, Ho Chi Minh",Viet Nam,False,True,Monday - Friday,False

3S Software,"District 3, Ho Chi Minh",Viet Nam,False,True,Monday - Friday,False

"ABEO VIETNAM CO., LTD","District 1, Ho Chi Minh",Singapore,False,True,Monday - Friday,False

ABIVIN,"Ha Noi, Ho Chi Minh",Viet Nam,False,True,Monday - Friday,True

"Ace Antenna Co., Ltd","Cau Giay, Ha Noi",Republic of Korea,False,True,null,False

Active Media VietNam,Ho Chi Minh,Japan,False,True,Monday - Friday,False

Addix Vietnam,"District 1, Ho Chi Minh",Japan,True,False,Monday - Friday,False

ADDP,"Phu Nhuan, Ho Chi Minh",Viet Nam,True,False,Monday - Saturday,True

Adnet Plus,"Cau Giay, Ha Noi",Japan,True,False,Monday - Friday,False

AdNovum Vietnam,"Tan Binh, Ho Chi Minh",Switzerland,True,False,Monday - Friday,False

Advesa Digital Solutions,"Ba Dinh, Ha Noi",Canada,True,False,Monday - Friday,False

Agile Lab Pte Ltd,"Binh Thanh, Ho Chi Minh",Singapore,True,False,Monday - Friday,False

AIC Trading,Ha Noi,Viet Nam,False,True,Monday - Friday,False

AIOZ,"District 7, Ho Chi Minh",Viet Nam,False,True,Monday - Friday,False

AI Pacific,"District 3, Ho Chi Minh",Viet Nam,False,True,Monday - Friday,True

AKB Software,"Thanh Xuan, Ha Noi",Viet Nam,True,False,Monday - Friday,True

Aladin Technology,"Hoang Mai, Ha Noi",Viet Nam,False,True,null,False

Aleph Vietnam,Others,Malaysia,True,False,Monday - Friday,False

 Alipay (Alibaba Group),"District 1, Ho Chi Minh",Singapore,False,True,Monday - Friday,False

"Allgrowlabo Co.,Ltd.","District 1, Ho Chi Minh",Japan,True,False,Monday - Friday,True

Alliance IT Service Ltd,"District 3, Ho Chi Minh",Australia,True,False,Monday - Friday,False

Allied Tech Base,"Nam Tu Liem, Ha Noi",Japan,False,True,Monday - Friday,False

Allied Tech Camp,"Tan Binh, Ho Chi Minh",Japan,False,True,Monday - Friday,True

ALO Media,"Ha Noi, Ho Chi Minh",Viet Nam,False,True,Monday - Friday,False

Alta Media,"Tan Binh, Ho Chi Minh",Viet Nam,False,True,Monday - Saturday,False

Alticast,"Nam Tu Liem, Ha Noi",Republic of Korea,True,False,Monday - Saturday,True

Alt Plus Việt Nam,"Nam Tu Liem, Ha Noi",Japan,True,False,Monday - Friday,True

AltSource ,"District 3, Ho Chi Minh",United States,True,False,Monday - Friday,False

ALTTEK GLOBAL CORP,"Phu Nhuan, Ho Chi Minh",Viet Nam,False,True,Monday - Friday,False

Amaris,"District 10, Ho Chi Minh",Switzerland,False,True,Monday - Friday,False

Ambition Vietnam,"District 3, Ho Chi Minh",Japan,True,False,Monday - Friday,False

AMI DENTAL,"District 2, Ho Chi Minh","Korea, Democratic People's Republic of",False,True,Monday - Saturday,True

ANTADA,"District 3, Ho Chi Minh",Viet Nam,False,True,Monday - Friday,False

ANTS,"Ho Chi Minh, Others, Ha Noi",Viet Nam,False,True,Monday - Friday,True

Aperia Solutions Vietnam Co Ltd,"Tan Binh, Ho Chi Minh",United States,False,True,Monday - Friday,False

APPLIED MESH PTE LTD,"District 1, Ho Chi Minh",Singapore,False,True,Monday - Friday,False

APPMAN CO LTD ,"District 2, Ho Chi Minh",Thailand,False,True,Monday - Friday,False

Apptitude,"District 1, Ho Chi Minh",Australia,True,False,Monday - Friday,False

ARCSTONE,"Binh Thanh, Ho Chi Minh",Singapore,False,True,Monday - Friday,False

ARIS Vietnam,"Ho Chi Minh, Ha Noi",Viet Nam,True,False,Monday - Friday,False

AROSDORADOS,"District 4, Ho Chi Minh",Viet Nam,True,False,Monday - Friday,False

Artist Decor,"Ho Chi Minh, Da Nang",Viet Nam,False,True,Monday - Friday,False

"ASAHI INTECC HANOI CO., LTD.",Ha Noi,Japan,False,True,Monday - Friday,False

ASCEND,"Dong Da, Ha Noi",Viet Nam,False,True,Monday - Friday,False

Asia Plus Inc.,"District 3, Ho Chi Minh",Japan,False,True,Monday - Friday,True

AsinZen,"District 2, Ho Chi Minh",United States,False,True,Monday - Friday,True

Asoview Vietnam,"Ho Chi Minh, Ho Chi Minh",Japan,False,True,Monday - Friday,False

ASWHITE VIETNAM,"Ho Chi Minh, Ho Chi Minh",Australia,True,False,Monday - Friday,False

Ateam Việt Nam,"District 1, Ho Chi Minh",Japan,False,True,Monday - Friday,False

AthenaPros,Ho Chi Minh,United States,True,False,null,False

Athena Studio,"Phu Nhuan, Ho Chi Minh",United Kingdom,False,True,Monday - Friday,False

Atomi Systems,"Cau Giay, Ha Noi",Viet Nam,False,True,Monday - Friday,False

Augen Vietnam,"District 12, Ho Chi Minh",New Zealand,True,False,Monday - Friday,False

Aureole Information Technology (AIT),"District 1, Ho Chi Minh",Japan,True,False,Monday - Friday,True

Avantility,"District 3, Ho Chi Minh",United States,True,False,Monday - Friday,False

Avenue,"Ho Chi Minh, Ha Noi",Viet Nam,False,True,Monday - Friday,True

AWING,"Thanh Xuan, Ha Noi",Viet Nam,False,True,Monday - Friday,False

AXON,"District 4, Ho Chi Minh",United States,False,True,Monday - Friday,False

B2BE GSS Vietnam,"District 3, Ho Chi Minh",Australia,False,True,Monday - Friday,False

Babylon Solutions,Ho Chi Minh,Viet Nam,False,True,Monday - Friday,False

Bảo Hiểm Hàng Không - VNI,"Dong Da, Ha Noi",Viet Nam,False,True,Monday - Friday,False

BAVE (B-TEK),"Cau Giay, Ha Noi",Viet Nam,False,True,Monday - Saturday,False

Bazooka,Ha Noi,Viet Nam,True,False,Monday - Friday,False

BBV Vietnam,"District 12, Ho Chi Minh",Switzerland,True,False,Monday - Friday,False

Be Group,"District 10, Ho Chi Minh",Viet Nam,False,True,Monday - Friday,True

BeLive,"District 8, Ho Chi Minh",Singapore,False,True,Monday - Friday,True

Ben Thanh Jewelry,"District 1, Ho Chi Minh",Viet Nam,False,True,Monday - Friday,False

BE Solutions,"District 1, Ho Chi Minh",Viet Nam,True,False,Monday - Friday,True

Bfast System,"Cau Giay, Ha Noi",France,False,True,Monday - Friday,False

BIDV Securities Company (BSC),"Hoan Kiem, Ha Noi",Viet Nam,False,True,Monday - Friday,False

BigBom,"Binh Thanh, Ho Chi Minh",Singapore,False,True,Monday - Friday,False

Bigin,"Tan Binh, Ho Chi Minh",Viet Nam,True,False,Monday - Friday,True

 Biglabs,"District 3, Ho Chi Minh",Singapore,False,True,Monday - Friday,False

BINKABI,Ha Noi,United Kingdom,False,True,Monday - Friday,True

BIP Vietnam,"Cau Giay, Ha Noi",Viet Nam,False,True,Monday - Friday,False

BIT Vietnam,"District 4, Ho Chi Minh",Japan,True,False,Monday - Friday,False

Biz4x Pte Ltd,Ho Chi Minh,Singapore,False,True,Monday - Friday,False

Bkav,"Cau Giay, Ha Noi",Viet Nam,False,True,Monday - Saturday,False

BLOCKDEV,"District 10, Ho Chi Minh",Singapore,True,False,Monday - Friday,True

Blueseed,"District 1, Ho Chi Minh",Viet Nam,True,False,Monday - Friday,False

BOCASAY,"Ho Chi Minh, Ha Noi",France,True,False,Monday - Friday,False

Boon The Lab,"Binh Thanh, Ho Chi Minh",Republic of Korea,False,True,Monday - Friday,False

BoostML,"Hoan Kiem, Ha Noi",Viet Nam,False,True,Monday - Friday,False

B.O.T ĐT 830,Others,Viet Nam,False,True,Monday - Friday,False

"Br24 Vietnam Co., Ltd","Ha Noi, Ha Noi",Germany,False,True,Monday - Friday,True

Bridgetek Viet Nam,"Phu Nhuan, Ho Chi Minh",Singapore,False,True,Monday - Friday,False

Briswell Vietnam,"District 3, Ho Chi Minh",Japan,True,False,Monday - Friday,True

BSS Group,"Nam Tu Liem, Ha Noi",Viet Nam,False,True,Monday - Friday,False

BUCA,"Nam Tu Liem, Ha Noi",Viet Nam,False,True,Monday - Friday,False

Business4you AG,"District 1, Ho Chi Minh",Switzerland,False,True,Monday - Friday,False

B World Insights,"Hai Ba Trung, Ha Noi",Viet Nam,False,True,Monday - Friday,False

BYCN IT Vietnam,"Tan Binh, Ho Chi Minh",Viet Nam,False,True,Monday - Friday,False

Cadena Vietnam,"Tan Binh, Ho Chi Minh",Singapore,False,True,Monday - Friday,False

Caerux Lab,"Ha Noi, Others",Viet Nam,False,True,Monday - Friday,False

DICOM,"Thanh Xuan, Ha Noi",Viet Nam,False,True,Monday - Saturday,False
"DIMAGE SHARE VIETNAM CO.,LTD","Thanh Xuan, Ha Noi",Viet Nam,False,True,Monday - Friday,False
Dinotech,"Nam Tu Liem, Ha Noi",Viet Nam,False,True,Monday - Friday,False
Dinovative,"District 1, Ho Chi Minh",Viet Nam,True,False,Monday - Friday,False
Dirox,"Binh Thanh, Ho Chi Minh",France,True,False,Monday - Friday,False
Discovery Loft Inc.,"District 1, Ho Chi Minh",Canada,False,True,Monday - Friday,False
DOCOM,"District 2, Ho Chi Minh",Viet Nam,False,True,Monday - Friday,False
DOL Tech,"District 10, Ho Chi Minh",Viet Nam,False,True,Monday - Saturday,True
DREAMWISE,Ha Noi,Republic of Korea,False,True,Monday - Friday,False
DTH Viet Nam Group,"Ba Dinh, Ha Noi",Viet Nam,False,True,Monday - Saturday,False
DTN Software Solutions,"Cau Giay, Ha Noi",Viet Nam,True,False,Monday - Friday,True
DTS Software Vietnam,"Ba Dinh, Ha Noi",Japan,True,False,Monday - Friday,True
DTT Technology Group,"Ha Noi, Da Nang",Viet Nam,True,False,Monday - Friday,False
Du Lịch Và Xây Dựng Nam Thanh,Ha Noi,Viet Nam,False,True,Monday - Friday,False
Dũng Mori,"Thanh Xuan, Ha Noi",Viet Nam,False,True,Monday - Friday,False
Dược phẩm An Đông,Ho Chi Minh,Viet Nam,False,True,Monday - Friday,False
Easia Travel,"Hoan Kiem, Ha Noi",Viet Nam,False,True,Monday - Friday,False
East Agile,"Ho Chi Minh, Da Nang",United States,True,False,Monday - Friday,False
East West Industries Vietnam LLC.,Others,Viet Nam,False,True,Monday - Friday,False
EASY Credit ,"District 1, Ho Chi Minh",Viet Nam,False,True,Monday - Friday,False
Easy IT Solutions,"District 3, Ho Chi Minh",Viet Nam,True,False,Monday - Friday,False
Ecango | Corptek,Others,Australia,False,True,null,False
Ecoegg,"Ba Dinh, Ha Noi",Viet Nam,False,True,Monday - Friday,False
EG Việt Nam,Ho Chi Minh,Viet Nam,True,False,Monday - Friday,False
ekino Vietnam,"District 11, Ho Chi Minh",France,True,False,Monday - Friday,True
ELCA,"Binh Thanh, Ho Chi Minh",Switzerland,True,False,Monday - Friday,False
Elcom,"Ha Noi, Ho Chi Minh",Viet Nam,False,True,Monday - Friday,False
Elefos,"Phu Nhuan, Ho Chi Minh",Viet Nam,False,True,Monday - Friday,False
Elisoft,"Phu Nhuan, Ho Chi Minh",Belarus,True,False,Monday - Friday,False
EM&AI,"Hai Chau, Da Nang",Viet Nam,False,True,Monday - Friday,False
EMG Education,"District 1, Ho Chi Minh",Viet Nam,False,True,Monday - Saturday,False
Emotiv Technology Vietnam,"Thanh Xuan, Ha Noi",United States,False,True,Monday - Friday,False
Employment Hero,"District 10, Ho Chi Minh",Australia,False,True,Monday - Friday,False
Enable Startup ,"Hai Chau, Da Nang",Viet Nam,True,False,Monday - Friday,False
EN COM,"Tan Binh, Ho Chi Minh",Viet Nam,False,True,Monday - Friday,False
Enouvo,"Son Tra, Da Nang",Viet Nam,True,False,Monday - Friday,False
Episerver,"Dong Da, Ha Noi",Viet Nam,False,True,Monday - Friday,False
ePlatform Solution,"District 1, Ho Chi Minh",Viet Nam,True,False,Monday - Friday,False
eSilicon,"Tan Binh, Ho Chi Minh",United States,True,False,Monday - Friday,False
ESMAC Technology,"Tan Binh, Ho Chi Minh",Viet Nam,True,False,Monday - Friday,False
E-Solutions,"Cau Giay, Ha Noi",Viet Nam,False,True,Monday - Friday,False
Est Rouge,"Hai Chau, Da Nang",Viet Nam,False,True,Monday - Friday,False
ETC Technology Systems,"Cau Giay, Ha Noi",Viet Nam,False,True,Monday - Friday,False
ETON,"Binh Thanh, Ho Chi Minh",Viet Nam,False,True,Monday - Friday,False
eTop.vn,"District 5, Ho Chi Minh",Viet Nam,False,True,Monday - Saturday,False
EVENT MEDICAL,"District 3, Ho Chi Minh",United States,False,True,Monday - Friday,False
Everrise Vietnam,"District 1, Ho Chi Minh",Viet Nam,False,True,Monday - Friday,False
Evolable Asia,"Ho Chi Minh, Ha Noi, Da Nang",Japan,True,False,Monday - Friday,False
EWAY,"Nam Tu Liem, Ha Noi",Viet Nam,False,True,Monday - Friday,False
EyeQ Tech,"Ho Chi Minh, Ha Noi",Viet Nam,False,True,Monday - Saturday,True
ezCloud,"Ba Dinh, Ha Noi",Viet Nam,False,True,Monday - Friday,False
ezyPLANET,"District 1, Ho Chi Minh",Viet Nam,False,True,Monday - Friday,False
F88,"Thanh Xuan, Ha Noi",Viet Nam,False,True,Monday - Friday,False
Faber Vietnam Company ,"District 1, Ho Chi Minh",Japan,False,True,Monday - Friday,False
Fairfax Imaging Viet Nam,"District 1, Ho Chi Minh",United States,False,True,Monday - Friday,False
Famtech Vietnam,"Thanh Xuan, Ha Noi",Viet Nam,False,True,Monday - Friday,False
FANXIPAN,"Hoang Mai, Ha Noi",Viet Nam,False,True,Monday - Friday,False
FARENTAL,Ho Chi Minh,Australia,False,True,Monday - Friday,False
Fayfay Việt Nam,"District 1, Ho Chi Minh",Viet Nam,False,True,Monday - Friday,False
Fetch Technology,"Ho Chi Minh, Ho Chi Minh, Ha Noi",Viet Nam,False,True,Monday - Friday,False
FIBO,"Tan Phu, Ho Chi Minh",Viet Nam,False,True,Monday - Friday,False
FinOS Technology,"Ho Chi Minh, Ha Noi",Germany,False,True,Monday - Friday,False
FIPB Group Of Companies in VN,Ho Chi Minh,Viet Nam,False,True,Monday - Friday,False
FIREAPPS,"Ho Chi Minh, Da Nang",Viet Nam,False,True,Monday - Friday,False
Fitech,"Dong Da, Ha Noi",Singapore,False,True,Monday - Friday,False
Flexidata,"Phu Nhuan, Ho Chi Minh",Viet Nam,False,True,Monday - Friday,False
FLIX,"District 1, Ho Chi Minh",Japan,False,True,Monday - Friday,True
Floating Cube Studios,"District 4, Ho Chi Minh",Singapore,False,True,Monday - Friday,True
Floware,"Phu Nhuan, Ho Chi Minh",United States,False,True,Monday - Friday,False
FLYNK,"District 4, Ho Chi Minh",Australia,False,True,Monday - Friday,False
Food Connection,"Binh Thanh, Ho Chi Minh",Viet Nam,False,True,Monday - Friday,False
Fossil Vietnam,"District 4, Ho Chi Minh",United States,False,True,Monday - Friday,True
FPT International Telecom,"Ho Chi Minh, Ha Noi",Viet Nam,False,True,Monday - Friday,False
FPT Shop,"Ha Noi, Ho Chi Minh",Viet Nam,False,True,Monday - Friday,False
FPT Software,"Ho Chi Minh, Da Nang, Others, Ha Noi",Viet Nam,True,False,Monday - Friday,True
FPT Telecom,"Ho Chi Minh, Ha Noi",Viet Nam,True,False,Monday - Friday,False
Fram,"District 1, Ho Chi Minh",Sweden,True,False,Monday - Friday,False
FRAMAS KOREA VINA,Others,Republic of Korea,False,True,null,False
FUJINET SYSTEMS JSC,"Tan Binh, Ho Chi Minh",Viet Nam,True,False,Monday - Friday,True
Fuji Technology JSC,"Dong Da, Ha Noi",Japan,True,False,Monday - Friday,True
Future Connect,"Cau Giay, Ha Noi",Viet Nam,False,True,Monday - Friday,False
Futurify,"District 3, Ho Chi Minh",Viet Nam,True,False,Monday - Friday,True
Gameloft,"Ho Chi Minh, Ha Noi, Da Nang",France,False,True,Monday - Friday,False
GARENA VN/ Sea Group,"Ho Chi Minh, Ha Noi",Singapore,False,True,Monday - Friday,False
Gear Inc.,"Hai Ba Trung, Ha Noi",United States,True,False,Monday - Friday,True
Gearment LLC,"Phu Nhuan, Ho Chi Minh",United States,False,True,Monday - Friday,False
GEEK UP,"Phu Nhuan, Ho Chi Minh",Viet Nam,False,True,Monday - Friday,False
GEM Corporation,"Ha Noi, Ho Chi Minh",Viet Nam,True,False,Monday - Friday,False
Generali Vietnam Life Insurance,"District 1, Ho Chi Minh",Italy,False,True,null,False
GeoTech,"District 1, Ho Chi Minh",Canada,False,True,Monday - Friday,False
G-Group,"Thanh Xuan, Ha Noi",Viet Nam,False,True,Monday - Friday,True
GHN Express,"District 10, Ho Chi Minh",Viet Nam,False,True,Monday - Friday,False
Giải pháp công nghệ B & T,"Ba Dinh, Ha Noi",Viet Nam,True,False,Monday - Friday,False
GIẢI PHÁP CÔNG NGHỆ OLALA,Da Nang,Viet Nam,True,False,Monday - Friday,False
Giải pháp Công nghệ thông tin Đại Nam,Ho Chi Minh,Viet Nam,False,True,Monday - Friday,False
Giải pháp và Công nghệ GIS – VietGIS,Ha Noi,Viet Nam,True,False,Monday - Friday,False
Giao Hàng Tiết Kiệm,"Nam Tu Liem, Ha Noi",Viet Nam,False,True,Monday - Friday,False
GICO JSC,"Cau Giay, Ha Noi",Viet Nam,False,True,Monday - Friday,False
Gigacover,"Tan Binh, Ho Chi Minh",Singapore,False,True,Monday - Friday,False
GIGATERA,"Khu Công nghiệp Đồng Văn,Đồng Văn,Duy Tiên,Hà Nam ",Viet Nam,False,True,null,False
GKIM Viet Nam,"Binh Thanh, Ho Chi Minh",Viet Nam,False,True,Monday - Friday,True
Global CyberSoft,"Ho Chi Minh, Da Nang, Ha Noi",United States,True,False,Monday - Friday,False
Global Online Branding | GOBRANDING,"Tan Binh, Ho Chi Minh",Viet Nam,False,True,Monday - Friday,False
Globee,"Tan Binh, Ho Chi Minh",Viet Nam,True,False,Monday - Friday,True
"GNT VN., LTD","Ho Chi Minh, Ho Chi Minh",Japan,False,True,Monday - Friday,False
 Go Game Vietnam Limited Liability Company,"District 1, Ho Chi Minh",Singapore,True,False,Monday - Friday,False
Goodia Việt Nam,"District 3, Ho Chi Minh",Japan,False,True,Monday - Friday,False
GoQuo Vietnam,"Cau Giay, Ha Noi",Malaysia,False,True,Monday - Friday,False
Gotadi,"District 3, Ho Chi Minh",Viet Nam,False,True,Monday - Friday,False
"Got It, Inc.","Tay Ho, Ha Noi",United States,False,True,Monday - Friday,False
Grab (Vietnam) Ltd.,"District 7, Ho Chi Minh",Malaysia,False,True,Monday - Friday,False
GRAND M,Others,Japan,True,False,Monday - Friday,False
GrapeCity,"Tay Ho, Ha Noi",Japan,False,True,Monday - Friday,True
Grasshopper Asia,"District 1, Ho Chi Minh",Singapore,False,True,Monday - Friday,False
Groove Technology,"District 1, Ho Chi Minh",Viet Nam,True,False,Monday - Friday,False
gumi Vietnam,"District 3, Ho Chi Minh",Viet Nam,True,False,Monday - Friday,True
GVN Technology,"Cau Giay, Ha Noi",Viet Nam,True,False,Monday - Friday,True
Hachi Web Solutions,Ho Chi Minh,Singapore,True,False,Monday - Friday,False
Halosoft,"Binh Thanh, Ho Chi Minh",Viet Nam,False,True,Monday - Friday,False
Hanatour Japan System Việt Nam,"District 3, Ho Chi Minh",Japan,False,True,Monday - Friday,False
Hanbiro Inc,"District 7, Ho Chi Minh",Republic of Korea,False,True,Monday - Friday,False
Hanbisoft,"Ha Dong, Ha Noi",Republic of Korea,False,True,Monday - Friday,False
HANET Việt Nam - CN HCM,"Binh Thanh, Ho Chi Minh",Viet Nam,False,True,Monday - Friday,False
HansenCX,"District 2, Ho Chi Minh",Australia,False,True,Monday - Friday,False
Harmony ES,"Cau Giay, Ha Noi",Viet Nam,False,True,Monday - Friday,False
HAVAZ,"Ha Noi, Ho Chi Minh",Viet Nam,False,True,Monday - Saturday,False
HDBank,"District 1, Ho Chi Minh",Viet Nam,False,True,Monday - Friday,False
HDWEBSOFT,"Tan Binh, Ho Chi Minh",Viet Nam,True,False,Monday - Friday,False
Hee Solutions,"District 1, Ho Chi Minh",Hong Kong,False,True,Monday - Friday,False
Hekate,"Hai Chau, Da Nang",Viet Nam,False,True,Monday - Saturday,False
Heligate,"Nam Tu Liem, Ha Noi",Viet Nam,True,False,Monday - Friday,False
Hella Vietnam,"District 1, Ho Chi Minh",Germany,False,True,Monday - Friday,False
Hello Health Group,"District 1, Ho Chi Minh",Singapore,False,True,Monday - Friday,False
Hexience,"Ha Noi, Others, Ho Chi Minh",Hong Kong,False,True,Monday - Friday,False
HICAS,"Ha Noi, Ho Chi Minh",Viet Nam,False,True,Monday - Saturday,True
HKDA Vietnam,Ha Noi,Viet Nam,True,False,null,False
Hoang Duc Pharmaceutical and Medical Supplies,"District 3, Ho Chi Minh",Viet Nam,False,True,Monday - Friday,False
HOIIO,"District 3, Ho Chi Minh",Singapore,False,True,Monday - Friday,False
Holistics,"District 10, Ho Chi Minh",Singapore,False,True,Monday - Friday,False
Home Credit Vietnam ,"District 2, Ho Chi Minh",Czech Republic,False,True,Monday - Friday,False
Hotel Link Solutions,"Binh Thanh, Ho Chi Minh",Viet Nam,False,True,Monday - Friday,False
HSBC Vietnam,"Phu Nhuan, Ho Chi Minh",Viet Nam,True,False,Monday - Friday,False
Hubble Technology,"District 1, Ho Chi Minh",Hong Kong,False,True,Monday - Friday,True
Humax Vietnam,"Nam Tu Liem, Ha Noi",Republic of Korea,False,True,Monday - Friday,False
Hưng Thịnh Corporation,"District 3, Ho Chi Minh",Viet Nam,False,True,Monday - Friday,False
HV NET,"Binh Thanh, Ho Chi Minh",Viet Nam,False,True,Monday - Saturday,True
Hydra X,"Binh Thanh, Ho Chi Minh",Singapore,False,True,Monday - Friday,False
iAPPS,"District 1, Ho Chi Minh",Viet Nam,False,True,null,False
iBase Solutions and Application,"Other, Ha Noi",Viet Nam,True,False,null,False
ICC VN,"District 10, Ho Chi Minh",Viet Nam,False,True,Monday - Saturday,False
iDealogic,"District 10, Ho Chi Minh",Netherlands,True,False,Monday - Friday,False
iDentalSoft,"District 4, Ho Chi Minh",United States,False,True,Monday - Friday,False
IDTV,"Ba Dinh, Ha Noi",Viet Nam,False,True,null,False
IERP,"Cau Giay, Ha Noi",Viet Nam,False,True,Monday - Saturday,False
IES Vietnam ,"District 7, Ho Chi Minh",Republic of Korea,True,False,Monday - Friday,False
IFI Solution - An NTT Data Company,"Thanh Xuan, Ha Noi",Viet Nam,True,False,Monday - Friday,False
II-VI VIỆT NAM,Others,United States,False,True,Monday - Friday,False
Illum 9 Pte LTd,"District 11, Ho Chi Minh",Singapore,False,True,Monday - Friday,False
IMLINK VIETNAM,"District 1, Ho Chi Minh",Japan,True,False,Monday - Friday,True
IMM Group,"District 3, Ho Chi Minh",Viet Nam,False,True,Monday - Friday,False
iMobi,"Nam Tu Liem, Ha Noi",Viet Nam,True,False,Monday - Friday,False
IncepIT,"Tan Binh, Ho Chi Minh",Viet Nam,True,False,Monday - Friday,False
Inceptionlabs,"District 4, Ho Chi Minh",Singapore,False,True,Monday - Friday,True
"INFINIQ Vietnam Co.,Ltd","Nam Tu Liem, Ha Noi",Republic of Korea,False,True,Monday - Friday,True
InfoPlus,"Ha Noi, Ho Chi Minh",Republic of Korea,False,True,Monday - Friday,True
INFORMATION TECHNOLOGY SERVICES-JAPAN,"District 9, Ho Chi Minh",Viet Nam,True,False,Monday - Friday,True
Innotech Vietnam Corporation,"Ho Chi Minh, Others, Ha Noi",Viet Nam,True,False,Monday - Friday,False
Inspectorio,"District 2, Ho Chi Minh",United States,False,True,Monday - Friday,True
INSPIRE LAB TECHNOLOGY,"District 1, Ho Chi Minh",Viet Nam,True,False,Monday - Friday,False
INTEC Vietnam,"District 8, Ho Chi Minh",Japan,True,False,Monday - Friday,True
Intek Institute of Applied Technology,"Binh Thanh, Ho Chi Minh",Viet Nam,False,True,Monday - Friday,False
Interactive Labs,"District 4, Ho Chi Minh",United States,False,True,Monday - Friday,False
"Inzi VINA Co., Ltd",Others,Republic of Korea,False,True,Monday - Friday,False
IONSITE Software,"Da Nang, Da Nang",Viet Nam,False,True,Monday - Saturday,False
iSciLab Viet Nam,"District 3, Ho Chi Minh",Republic of Korea,False,True,Monday - Friday,False
Isobar Commerce (Bluecom Solutions),"Ho Chi Minh, Ha Noi",France,True,False,Monday - Friday,True
ISOFH,"Cau Giay, Ha Noi",Viet Nam,False,True,Monday - Saturday,True
IT Consultis,"Ho Chi Minh, Others",France,True,False,Monday - Friday,False
IVC (ISB Vietnam),"Tan Binh, Ho Chi Minh",Japan,True,False,Monday - Friday,False
IWA Ltd ,"District 3, Ho Chi Minh",Finland,False,True,Monday - Friday,False
Javac Technology,"Tan Binh, Ho Chi Minh",United States,True,False,Monday - Friday,False
Jill Lowe,Ho Chi Minh,Singapore,False,True,Monday - Friday,False
Jinformation,"Ha Noi, Ho Chi Minh, Others",Australia,False,True,Monday - Friday,False
"JMango Vietnam Operations Co.,Ltd","Nam Tu Liem, Ha Noi",Netherlands,False,True,Monday - Friday,False
JP S3 Corp.,"Tan Binh, Ho Chi Minh",Japan,False,True,Monday - Friday,False
JupViec,"Ha Noi, Ho Chi Minh",Viet Nam,False,True,Monday - Saturday,False
Just Analytics,Ho Chi Minh,Singapore,False,True,Monday - Friday,False
 JVB Vietnam,"Nam Tu Liem, Ha Noi",Japan,True,False,Monday - Friday,False
JV-IT,"District 10, Ho Chi Minh",Japan,True,False,Monday - Friday,False
Kaopiz Sofware ,"Nam Tu Liem, Ha Noi",Viet Nam,True,False,Monday - Friday,True
Karros Technologies,"Tan Binh, Ho Chi Minh",United States,False,True,Monday - Friday,False
KB Securities,"Dong Da, Ha Noi",Viet Nam,False,True,Monday - Friday,False
Keaz,"District 3, Ho Chi Minh",Australia,False,True,Monday - Friday,True
Keizu Vietnam,"District 3, Ho Chi Minh",Japan,True,False,Monday - Friday,True
KeyWay,"Dong Da, Ha Noi",Viet Nam,False,True,Monday - Friday,False
KF Group,"Nam Tu Liem, Ha Noi",Viet Nam,True,False,Monday - Friday,False
KIARA GARMENTS (VIETNAM) LTD ,"Phu An Village, Truc Ninh District of Nam Dinh",China,False,True,Monday - Friday,False
Kien Long Bank,Ho Chi Minh,Viet Nam,False,True,Monday - Friday,False
Kis Technology,"Nam Tu Liem, Ha Noi",Viet Nam,False,True,Monday - Friday,False
KIS Việt Nam,"Ha Noi, Ho Chi Minh",Japan,True,False,Monday - Friday,True
KMS Technology,"Tan Binh, Ho Chi Minh",United States,True,False,Monday - Friday,False
Knorex ,"District 1, Ho Chi Minh",Singapore,False,True,Monday - Friday,False
Koei Tecmo Software Vietnam,"Ba Dinh, Ha Noi",Japan,False,True,Monday - Friday,False
Koh Young Technology Inc,"Cau Giay, Ha Noi",Republic of Korea,False,True,Monday - Friday,True
KOLABS,"Tan Binh, Ho Chi Minh",United States,True,False,Monday - Friday,True
Konbini,Ha Noi,Singapore,False,True,Monday - Friday,True
KPMG Digital Enablement,"District 1, Ho Chi Minh",Viet Nam,False,True,Monday - Friday,False
KSE High-Tech Solutions,"Ha Noi, Ha Noi, Ha Noi",Viet Nam,False,True,Monday - Friday,False
K.System And Solutions,"Ho Chi Minh, Ho Chi Minh, Ho Chi Minh",Republic of Korea,True,False,Monday - Friday,False
Kyanon Digital,"Phu Nhuan, Ho Chi Minh",Singapore,True,False,Monday - Friday,True
L7 Mobile,"Other, Ha Noi",Viet Nam,False,True,Monday - Friday,False
Lac Viet Computing Corporation,"Phu Nhuan, Ho Chi Minh",Viet Nam,False,True,Monday - Friday,False
Lak Solutions,"District 5, Ho Chi Minh",Viet Nam,True,False,Monday - Friday,False
Lampart,"Phu Nhuan, Ho Chi Minh",Japan,True,False,Monday - Friday,False
LARION,"District 12, Ho Chi Minh",Viet Nam,False,True,Monday - Friday,True
Laudert Vietnam,"Phu Nhuan, Ho Chi Minh",Germany,True,False,Monday - Friday,True
Launch Deck,"District 5, Ho Chi Minh",United States,True,False,Monday - Friday,True
LDG Group,"Binh Thanh, Ho Chi Minh",Viet Nam,False,True,Monday - Friday,False
LEANON INC,Ho Chi Minh,Republic of Korea,False,True,Monday - Friday,False
LeapXpert,"District 1, Ho Chi Minh",Hong Kong,False,True,Monday - Friday,False
Levinci Group,"Go Vap, Ho Chi Minh",Viet Nam,False,True,null,False
Lexim IT,"Hai Chau, Da Nang",United States,False,True,Monday - Saturday,True
Lexor Tech,"District 12, Ho Chi Minh",Viet Nam,True,False,Monday - Friday,False
LG Development Center Vietnam,"Nam Tu Liem, Ha Noi",Republic of Korea,False,True,Monday - Friday,False
LHV Software,"District 3, Ho Chi Minh",Viet Nam,True,False,Monday - Friday,False
Liberty Insurance Limited,"District 1, Ho Chi Minh",United States,False,True,Monday - Friday,False
Lien Viet Tech,"Ha Noi, Ho Chi Minh",Viet Nam,False,True,Monday - Friday,False
LIFESTORY VIỆT NAM,"Binh Chanh, Ho Chi Minh",Republic of Korea,True,False,Monday - Friday,False
LINKBYNET VIETNAM ,"District 10, Ho Chi Minh",France,True,False,Monday - Friday,False
LIVE PRO,"Ba Dinh, Ha Noi",Viet Nam,False,True,Monday - Saturday,False
Lixi Technologies Viet Nam,"District 5, Ho Chi Minh",Viet Nam,False,True,Monday - Friday,False
Localize Direct,"District 3, Ho Chi Minh",Sweden,False,True,Monday - Friday,False
Lockon Vietnam,"District 3, Ho Chi Minh",Japan,False,True,Monday - Friday,False
LOGIVAN,"Ha Noi, Ho Chi Minh",Viet Nam,False,True,Monday - Saturday,False
Luxoft Vietnam,"District 11, Ho Chi Minh",Switzerland,True,False,Monday - Friday,True
Magnolia,"Tan Binh, Ho Chi Minh",Switzerland,False,True,Monday - Friday,False
Manabie International Pte Ltd,"District 1, Ho Chi Minh",Singapore,False,True,Monday - Friday,False
Manebi,"Nam Tu Liem, Ha Noi",Japan,False,True,Monday - Friday,False
MangoAds,"District 11, Ho Chi Minh",Viet Nam,False,True,Monday - Friday,False
Manifera Software Development,"Tan Binh, Ho Chi Minh",Singapore,True,False,Monday - Friday,False
MarNET JSC - X3English Learning System,"Nam Tu Liem, Ha Noi",Viet Nam,False,True,Monday - Saturday,True
Mắt Bão,"Tan Binh, Ho Chi Minh",Viet Nam,False,True,Monday - Saturday,False
 May Emerald,Ha Noi,Viet Nam,False,True,Monday - Friday,False
MB Ageas Life,"Dong Da, Ha Noi",Viet Nam,False,True,null,False
MCredit,"Dong Da, Ha Noi",Viet Nam,False,True,Monday - Friday,False
Mecury Studio,"District 1, Ho Chi Minh",Singapore,False,True,Monday - Friday,True
Mediastep Software Inc.,"Ho Chi Minh, Ho Chi Minh",Viet Nam,False,True,Monday - Friday,False
Mekong Leisure,"District 11, Ho Chi Minh",Viet Nam,False,True,null,False
Mektec,"Plot K-3&4, Thang Long Industrial Park II Hung Yen",Viet Nam,False,True,null,False
MetaData ,"Dong Da, Ha Noi",Viet Nam,False,True,Monday - Friday,False
Metanet,"District 10, Ho Chi Minh",Republic of Korea,False,True,Monday - Friday,False
METRIXA,"Cau Giay, Ha Noi",Australia,False,True,Monday - Friday,False
mgm technology partners Vietnam,"Da Nang, Da Nang",Germany,True,False,Monday - Friday,True
MIA.vn,"Binh Thanh, Ho Chi Minh",Viet Nam,False,True,Monday - Saturday,False
MicroAd Technology Development Company Limited,"Ho Chi Minh, Ha Noi",Japan,False,True,Monday - Friday,False
Midas Protocol,"Thanh Xuan, Ha Noi",Viet Nam,False,True,Monday - Friday,False
Miichisoft,"Cau Giay, Ha Noi",Viet Nam,True,False,Monday - Friday,False
MINH NGUYEN SI JSC,"District 9, Ho Chi Minh",Viet Nam,False,True,Monday - Friday,False
Misa ,"Ha Noi, Ha Noi",Viet Nam,False,True,Monday - Saturday,False
Mitrais,"Tay Ho, Ha Noi",Singapore,True,False,Monday - Friday,False
Mixi,"Cau Giay, Ha Noi",Viet Nam,False,True,null,False
MK Group,"Ha Noi, Ho Chi Minh",Viet Nam,False,True,Monday - Friday,False
MobileTech,"Dong Da, Ha Noi",Viet Nam,False,True,Monday - Friday,False
MOBIX,"Nam Tu Liem, Ha Noi",Viet Nam,False,True,Monday - Friday,False
"MOJA Co., Ltd.","District 1, Ho Chi Minh",Japan,True,False,Monday - Friday,True
Mona Media,"District 11, Ho Chi Minh",Viet Nam,False,True,Monday - Friday,False
"MONEY FORWARD VIETNAM CO.,LTD","District 4, Ho Chi Minh",Japan,False,True,Monday - Friday,False
Moni Media,"Tan Binh, Ho Chi Minh",Hong Kong,True,False,Monday - Friday,False
Monster Pixel,"Tan Binh, Ho Chi Minh",United States,False,True,Monday - Friday,False
MOR,"Ho Chi Minh, Da Nang, Ha Noi",Viet Nam,True,False,Monday - Friday,False
Motorist Pte Ltd ,"Others, Ho Chi Minh",Singapore,False,True,Monday - Friday,False
MP Tech,"Hoang Mai, Ha Noi",Viet Nam,True,False,Monday - Friday,False
M_Service (MoMo),"District 7, Ho Chi Minh",Viet Nam,False,True,Monday - Friday,False
MT Hà Nội ,Ha Noi,Viet Nam,False,True,Monday - Friday,False
MTI TECHNOLOGY,"Ho Chi Minh, Da Nang",Japan,False,True,Monday - Friday,False
Mulodo,"District 3, Ho Chi Minh",Japan,True,False,Monday - Friday,False
Mytour Vietnam,"Ha Noi, Ho Chi Minh",Viet Nam,False,True,Monday - Friday,False
NAFOSTED,"Hoan Kiem, Ha Noi",Viet Nam,False,True,Monday - Friday,False
Naiplus,"District 3, Ho Chi Minh",Viet Nam,False,True,Monday - Friday,False
Nakivo,"District 3, Ho Chi Minh",United States,False,True,Monday - Friday,False
NAMTech,"Tan Binh, Ho Chi Minh",Viet Nam,True,False,Monday - Friday,True
Nam Việt Media,"District 10, Ho Chi Minh",Viet Nam,False,True,Monday - Friday,False
NanoFintech (Skygo),"Dong Da, Ha Noi",Viet Nam,False,True,Monday - Saturday,False
Napas,"Hoan Kiem, Ha Noi",Viet Nam,False,True,null,False
NashTech,"Ho Chi Minh, Ha Noi",United Kingdom,True,False,Monday - Friday,False
NATAES,"Cau Giay, Ha Noi",Viet Nam,True,False,Monday - Saturday,True
NaviWorld,"Ha Noi, Ho Chi Minh",Viet Nam,False,True,Monday - Friday,False
NCD Mobile,"Cau Giay, Ha Noi",Viet Nam,False,True,null,False
NEC Vietnam,"Tan Binh, Ho Chi Minh",Japan,True,False,Monday - Friday,True
NEM Blockchain ,Ho Chi Minh,Viet Nam,True,False,Monday - Friday,False
Neolab Việt Nam,"Hai Chau, Da Nang",Japan,False,True,Monday - Friday,False
Neos Corp,"Dong Da, Ha Noi",Japan,True,False,Monday - Friday,False
Netbase JSC,"Dong Da, Ha Noi",Viet Nam,True,False,Monday - Saturday,False
Netcompany,"Binh Thanh, Ho Chi Minh",Denmark,True,False,Monday - Friday,False
Netmarks Vietnam,"Ha Noi, Ho Chi Minh",Japan,True,False,Monday - Friday,False
Neumann Gruppe,"Others, Ho Chi Minh",Germany,False,True,Monday - Friday,False
NEWSHOP.VN,"Ho Chi Minh, Ho Chi Minh",Viet Nam,False,True,Monday - Saturday,False
New Wealth,"District 10, Ho Chi Minh",Singapore,False,True,Monday - Friday,False
Nexcel Solutions,"District 12, Ho Chi Minh","Virgin Islands, British",False,True,Monday - Friday,True
Nexle Corporation,"Ho Chi Minh, Da Nang",Viet Nam,True,False,Monday - Friday,False
NexSoft,"District 3, Ho Chi Minh",Viet Nam,False,True,Monday - Friday,False
NextG Solutions,"Ha Noi, Ho Chi Minh",Viet Nam,True,False,Monday - Friday,True
NextJuris,"Ho Chi Minh, Others",United States,False,True,Monday - Friday,False
"NEXTOP CO.,LTD","Cau Giay, Ha Noi",Japan,False,True,Monday - Friday,True
Nextsol,"Ba Dinh, Ha Noi",Viet Nam,False,True,Monday - Friday,False
Nexts Việt Nam,"Tan Binh, Ho Chi Minh",Viet Nam,True,False,Monday - Friday,False
NEXTTECH GROUP,"Hai Ba Trung, Ha Noi",Viet Nam,False,True,Monday - Saturday,True
Nexty Việt Nam,"Nam Tu Liem, Ha Noi",Viet Nam,False,True,Monday - Saturday,False
"NEXTZY TECHNOLOGIES CO.,LTD","Ho Chi Minh, Others",Thailand,False,True,Monday - Friday,False
Nexus Frontier Tech,"Thanh Xuan, Ha Noi",United Kingdom,True,False,Monday - Friday,True
NFQ Asia (8bit Rockstars),"Ho Chi Minh, Da Nang",Germany,True,False,Monday - Friday,False
Ngân Hàng Á Châu | ACB,"District 3, Ho Chi Minh",Viet Nam,False,True,Monday - Friday,False
Ngân Hàng TMCP Sài Gòn (SCB),"District 5, Ho Chi Minh",Viet Nam,False,True,Monday - Saturday,False
Nhân Tín Software,"Hoang Mai, Ha Noi",Viet Nam,False,True,Monday - Saturday,False
NHN Vietnam,"Binh Thanh, Ho Chi Minh",Republic of Korea,False,True,Monday - Friday,False
Nimble,"Ho Chi Minh, Da Nang",Thailand,True,False,Monday - Friday,False
Ninja Van Vietnam,"Ho Chi Minh, Ho Chi Minh",Singapore,False,True,Monday - Friday,False
NIPPON SEIKI,"Hai Chau, Da Nang",Japan,True,False,null,False
Nisshin scientia,"Tokyo, Shinagawaku, Minamioi 6-26-2 Omori Bellport",Japan,True,False,Monday - Friday,False
Nissho Electronics,"Dong Da, Ha Noi",Japan,True,False,Monday - Friday,False
"Niteco Vietnam Co., Ltd","Ha Noi, Ho Chi Minh",Sweden,True,False,Monday - Friday,False
NOIS,"Tan Binh, Ho Chi Minh",Viet Nam,True,False,Monday - Friday,True
Not A Basement Studio,"District 7, Ho Chi Minh",Viet Nam,False,True,Monday - Friday,False
Novahub Technology,"Thanh Khe, Da Nang",Viet Nam,True,False,Monday - Friday,False
NOVAON DIGITAL GROUP,"Cau Giay, Ha Noi",Viet Nam,False,True,Monday - Friday,False
NVG Technology,"District 10, Ho Chi Minh",Switzerland,False,True,Monday - Friday,False
Ứng Dụng Công Nghệ VINALAND,"Da Nang, Others",Viet Nam,False,True,Monday - Friday,False
Ocean Edu,"Ba Dinh, Ha Noi",Viet Nam,False,True,Monday - Friday,False
OCMG,"District 3, Ho Chi Minh",Republic of Korea,False,True,Monday - Friday,False
ODDLE,"Phu Nhuan, Ho Chi Minh",Singapore,False,True,Monday - Friday,False
Offspring Digital Viet Nam,"Tay Ho, Ha Noi",Australia,True,False,Monday - Friday,False
Ogilvy,"District 3, Ho Chi Minh",United States,False,True,Monday - Friday,False
OkieLa,"District 8, Ho Chi Minh",Singapore,False,True,Monday - Friday,False
OLLI,"District 3, Ho Chi Minh",Viet Nam,False,True,Monday - Friday,False
Omega Media,"Dong Da, Ha Noi",Viet Nam,False,True,Monday - Friday,False
Ominext,"Ha Noi, Ho Chi Minh",Japan,True,False,Monday - Friday,False
OMN1 Solution,"District 3, Ho Chi Minh",Viet Nam,True,False,Monday - Friday,False
Oneempower,"Ha Noi, Ho Chi Minh",Singapore,True,False,Monday - Friday,False
One Health,"Go Vap, Ho Chi Minh",Viet Nam,False,True,Monday - Friday,False
One On One English,"District 3, Ho Chi Minh",Viet Nam,False,True,Monday - Friday,False
ONSKY VIETNAM,"District 2, Ho Chi Minh",United States,False,True,Monday - Friday,False
Onteractive,"Ba Dinh, Ha Noi",Viet Nam,True,False,Monday - Friday,False
OPSWAT Software Vietnam,"District 3, Ho Chi Minh",United States,False,True,Monday - Friday,False
Orange Logic,"District 1, Ho Chi Minh",United States,False,True,Monday - Friday,False
Orenda,"Thanh Xuan, Ha Noi",Viet Nam,False,True,Monday - Friday,False
Orient Software Development Corp.,"Ho Chi Minh, Da Nang",Viet Nam,True,False,Monday - Friday,False
ORO Vietnam,"District 1, Ho Chi Minh",Japan,False,True,Monday - Friday,True
OWS,"Hai Ba Trung, Ha Noi",Viet Nam,False,True,Monday - Saturday,False
Pacific Technology,"Tan Binh, Ho Chi Minh",Viet Nam,False,True,null,False
PAL TECH,"Tan Binh, Ho Chi Minh",Singapore,False,True,Monday - Friday,True
Panasonic Vietnam Group – Panasonic R&D Center Vietnam (PRDCV),"Ba Dinh, Ha Noi",Japan,True,False,Monday - Friday,True
Pan-Pacific,"Nam Tu Liem, Ha Noi",Republic of Korea,False,True,Monday - Friday,False
Parcel Perform,"District 7, Ho Chi Minh",Singapore,False,True,Monday - Friday,False
Pasona Tech Việt Nam,"Tan Binh, Ho Chi Minh",Japan,True,False,Monday - Friday,False
Passion Fruit Software Development,"Tan Binh, Ho Chi Minh",Belgium,False,True,Monday - Friday,False
PayGATE Vietnam,"Cau Giay, Ha Noi",Republic of Korea,False,True,Monday - Friday,False
Perromart,"Others, Ho Chi Minh",Singapore,False,True,Monday - Friday,False
Persol Process & Technology Việt Nam,"District 3, Ho Chi Minh",Japan,True,False,Monday - Friday,False
Pexraytech,"Binh Thanh, Ho Chi Minh",Viet Nam,False,True,Monday - Friday,False
Phần mềm Nam Phong,Ha Noi,Viet Nam,False,True,Monday - Friday,False
Phần Mềm Táo Quân,"District 1, Ho Chi Minh",Viet Nam,False,True,Monday - Saturday,False
Pharmacity,"Ho Chi Minh, Ho Chi Minh",Viet Nam,False,True,Monday - Friday,True
Phibious Vietnam,"District 3, Ho Chi Minh",Viet Nam,False,True,Monday - Friday,False
Photobank Inc.,"District 2, Ho Chi Minh",Japan,False,True,Monday - Friday,False
Pioneer Soft,"Ba Dinh, Ha Noi",Viet Nam,True,False,Monday - Friday,False
PIXTA Vietnam,"Cau Giay, Ha Noi",Japan,False,True,Monday - Friday,False
Pizza Hut Digital Ventures,"Phu Nhuan, Ho Chi Minh",United Kingdom,False,True,Monday - Friday,False
Pizzlysoft,"District 1, Ho Chi Minh",Republic of Korea,False,True,Monday - Friday,False
Pmax Performance Marketing Agency,"Binh Thanh, Ho Chi Minh",Viet Nam,False,True,Monday - Friday,False
POETA,"District 3, Ho Chi Minh",United States,True,False,Monday - Friday,True
POPS WorldWide,"District 10, Ho Chi Minh",Viet Nam,False,True,Monday - Friday,False
PowerGate Software,"Cau Giay, Ha Noi",United States,True,False,Monday - Friday,False
Premielink,"Tan Binh, Ho Chi Minh",Hong Kong,False,True,Monday - Friday,False
Primal,"District 1, Ho Chi Minh",Thailand,False,True,Monday - Friday,False
Prime Commerce,"Ho Chi Minh, Ho Chi Minh",Viet Nam,False,True,Monday - Friday,True
PropertyGuru (Batdongsan.com.vn),"Nam Tu Liem, Ha Noi",Viet Nam,False,True,Monday - Saturday,False
PROPZY,"District 11, Ho Chi Minh",United States,False,True,Monday - Friday,False
PROVIEW,"Ha Noi, Ha Noi",Viet Nam,False,True,Monday - Saturday,False
Prudential Vietnam Assurance,"District 8, Ho Chi Minh",Viet Nam,True,False,Monday - Friday,False
Prudential Vietnam Finance Company,"District 1, Ho Chi Minh",Viet Nam,False,True,Monday - Friday,False
PTF,"Hoan Kiem, Ha Noi",Viet Nam,False,True,Monday - Friday,False
PTT Technology,"Binh Thanh, Ho Chi Minh",Viet Nam,False,True,Monday - Friday,False
Punch Entertainment,"Cau Giay, Ha Noi",Japan,True,False,Monday - Friday,False
QA Solutions,"Phu Nhuan, Ho Chi Minh",Viet Nam,False,True,Monday - Saturday,True
Qathena,"District 3, Ho Chi Minh",United States,True,False,Monday - Friday,False
Quảng Ích,"Hoang Mai, Ha Noi",Viet Nam,False,True,Monday - Saturday,True
Quảng Tin,"Binh Thanh, Ho Chi Minh",Viet Nam,False,True,Monday - Friday,False
Quant Edge Corp,"Cau Giay, Ha Noi",Viet Nam,False,True,Monday - Friday,False
QUOINE,"District 1, Ho Chi Minh",Japan,False,True,Monday - Friday,False
Radiant Global,"District 10, Ho Chi Minh",Malaysia,False,True,Monday - Friday,False
Rakus Vietnam Company,"District 12, Ho Chi Minh",Japan,False,True,Monday - Friday,False
RANGSTRUP IT Vietnam,"Tan Binh, Ho Chi Minh",Denmark,True,False,Monday - Friday,False
redWeb,"District 1, Ho Chi Minh",Denmark,False,True,Monday - Friday,False
Relia Systems,"Phu Nhuan, Ho Chi Minh",Viet Nam,True,False,Monday - Friday,False
Restaff,"Phu Nhuan, Ho Chi Minh",Norway,False,True,Monday - Friday,False
RIKKEISOFT,"Ha Noi, Da Nang, Ho Chi Minh",Viet Nam,True,False,Monday - Friday,False
RiverCrane Vietnam,"District 1, Ho Chi Minh",Japan,False,True,Monday - Friday,True
RnD4U,"Ho Chi Minh, Da Nang",Czech Republic,False,True,Monday - Friday,False
Robert Bosch Engineering And Business Solutions,"Tan Binh, Ho Chi Minh",Germany,False,True,Monday - Friday,False
Rockship,"Ho Chi Minh, Ha Noi",Viet Nam,True,False,Monday - Friday,False
RuBic Group,"Ho Chi Minh, Others, Others",Viet Nam,False,True,Monday - Friday,False
Ryukyu Interactive Vietnam,"District 3, Ho Chi Minh",Japan,False,True,Monday - Friday,False
Sacombank,"District 3, Ho Chi Minh",Viet Nam,False,True,Monday - Saturday,True
SaigonFreelancer,"Go Vap, Ho Chi Minh",Viet Nam,False,True,Monday - Friday,False
Saigon New Port,"District 2, Ho Chi Minh",Viet Nam,False,True,Monday - Friday,False
Saigon Technology Solutions,"Ho Chi Minh, Da Nang",Viet Nam,True,False,Monday - Friday,True
Saishunkan System Vietnam,"Cau Giay, Ha Noi",Japan,False,True,Monday - Friday,False
SaviWave,"District 1, Ho Chi Minh",Viet Nam,True,False,Monday - Friday,True
Savvycom,"Cau Giay, Ha Noi",Viet Nam,True,False,Monday - Friday,False
Scancom Vietnam,"Other, Ho Chi Minh",Denmark,False,True,Monday - Friday,False
SCC Vietnam,"District 7, Ho Chi Minh",United Kingdom,True,False,Monday - Friday,False
SCOMMERCE,"Ho Chi Minh, Ho Chi Minh",Viet Nam,False,True,Monday - Friday,False
SDC ,"Hai Chau, Da Nang",Viet Nam,False,True,Monday - Friday,False
SecuTix,"Binh Thanh, Ho Chi Minh",Switzerland,False,True,Monday - Friday,False
Seldat Inc,"Phu Nhuan, Ho Chi Minh",United States,False,True,Monday - Friday,True
Sencoinex Investment,"Hoan Kiem, Ha Noi",Viet Nam,False,True,null,False
Sendo.vn,"Ho Chi Minh, Ha Noi",Viet Nam,False,True,Monday - Friday,True
SEN Platform,"District 7, Ho Chi Minh",Viet Nam,False,True,Monday - Friday,False
Septeni Technology,"Cau Giay, Ha Noi",Japan,False,True,Monday - Friday,False
Serdao,"District 1, Ho Chi Minh",France,True,False,Monday - Friday,False
"Sews-Components Vietnam Co., Ltd.",Others,Japan,False,True,Monday - Friday,False
SEZAX VIETNAM,"Binh Thanh, Ho Chi Minh",Japan,True,False,Monday - Friday,False
ShareRing,"District 3, Ho Chi Minh",Australia,False,True,Monday - Friday,False
Shift Asia Vietnam,"District 1, Ho Chi Minh",Japan,True,False,Monday - Friday,False
ShopBack,"Tan Binh, Ho Chi Minh",Singapore,False,True,Monday - Friday,False
Shopdunk,"Cau Giay, Ha Noi",Viet Nam,False,True,Monday - Friday,False
Shopee,"Others, Ha Noi, Ho Chi Minh",Singapore,False,True,Monday - Friday,False
Siêu Liên Kết,Ho Chi Minh,Viet Nam,True,False,Monday - Friday,False
Silicon Prime Labs,"Tan Binh, Ho Chi Minh",United States,True,False,Monday - Friday,True
SILKWIRES DIGITAL AGENCY,"District 1, Ho Chi Minh",France,True,False,Monday - Friday,False
Simplify Dalat,"11A Đường Phù Đổng Thiên Vương, Phường 8, Đà Lạt",Viet Nam,True,False,Monday - Friday,False
Simpson Strong-tie Vietnam,"Tan Binh, Ho Chi Minh",United States,False,True,Monday - Friday,False
SinKa Việt Nam,"Cau Giay, Ha Noi",Viet Nam,False,True,Monday - Friday,False
Sioux High Tech Software,"Hai Chau, Da Nang",Netherlands,True,False,Monday - Friday,False
SK TELINK,"Binh Thanh, Ho Chi Minh",Republic of Korea,False,True,Monday - Friday,False
Smart Media,"Cau Giay, Ha Noi",Viet Nam,False,True,Monday - Friday,True
Smart Pay,"District 4, Ho Chi Minh",Viet Nam,False,True,Monday - Friday,False
SMHD Việt Nam,"Dong Da, Ha Noi",Viet Nam,False,True,Monday - Friday,False
SNA Global,"District 4, Ho Chi Minh",Republic of Korea,True,False,Monday - Friday,False
SODO,"Nam Tu Liem, Ha Noi",Viet Nam,False,True,Monday - Friday,False
Softcom,"Tay Ho, Ha Noi",Viet Nam,False,True,Monday - Saturday,False
Softdreams,"Ha Noi, Ho Chi Minh",Viet Nam,False,True,Monday - Saturday,True
Softfoundry,"District 1, Ho Chi Minh",Viet Nam,False,True,Monday - Saturday,False
SOFT ONE,"Cam Le, Da Nang",Republic of Korea,False,True,Monday - Friday,False
Software CEO,"Cau Giay, Ha Noi",Viet Nam,False,True,Monday - Friday,False
Softway,"Cau Giay, Ha Noi",Viet Nam,True,False,Monday - Friday,False
Softworld,"Tan Binh, Ho Chi Minh",Viet Nam,True,False,Monday - Friday,True
SOLAR SERVICE AND SOLUTION,"District 3, Ho Chi Minh",Viet Nam,False,True,Monday - Friday,False
SOLID,Ha Noi,Viet Nam,False,True,Monday - Friday,False
SONDESIGN,"Thu Duc, Ho Chi Minh",Viet Nam,False,True,Monday - Friday,False
Song Technologies LLC,"Binh Thanh, Ho Chi Minh",United States,False,True,Monday - Friday,False
Sonion Vietnam,"District 9, Ho Chi Minh",Denmark,False,True,Monday - Friday,False
SOTA Việt Nam,"Dong Da, Ha Noi",Viet Nam,False,True,null,False
soXes GmbH,"District 1, Ho Chi Minh",Switzerland,True,False,Monday - Friday,False
"Spectos Asia Co., Ltd","Cau Giay, Ha Noi",Germany,False,True,Monday - Friday,False
Speranza,"Binh Thanh, Ho Chi Minh",Singapore,False,True,Monday - Friday,False
Splash Interactive Vietnam,"Binh Thanh, Ho Chi Minh",Singapore,True,False,Monday - Friday,False
SP-PSA,Others,Viet Nam,False,True,Monday - Friday,False
SSI Securities Corporation,"Ho Chi Minh, Ha Noi",Viet Nam,False,True,Monday - Friday,False
SSKEY,"District 7, Ho Chi Minh",Viet Nam,False,True,Monday - Friday,False
Starberry,Ho Chi Minh,Viet Nam,False,True,Monday - Friday,False
Star Galaxy,"Dong Da, Ha Noi",Viet Nam,False,True,Monday - Friday,False
Steinsvik,"Others, Ha Noi",Norway,False,True,Monday - Friday,False
Studio Wa,Ho Chi Minh,Viet Nam,False,True,Monday - Friday,False
SUDO E-commerce,"Cau Giay, Ha Noi",Viet Nam,False,True,Monday - Friday,False
SUGA COMPANY,"Phu Nhuan, Ho Chi Minh",Viet Nam,True,False,Monday - Friday,False
SUGAR VENTURES,"District 1, Ho Chi Minh",Singapore,False,True,Monday - Friday,False
SunBright Vietnam,"District 7, Ho Chi Minh",Viet Nam,False,True,Monday - Friday,False
Sun* Inc.,"Ha Noi, Da Nang, Ho Chi Minh",Japan,True,False,Monday - Friday,True
Sun Ivy International,"District 1, Ho Chi Minh",Viet Nam,False,True,Monday - Friday,True
Sutrix Solutions,"Tan Binh, Ho Chi Minh",Viet Nam,True,False,Monday - Friday,True
Sutunam,"Dong Da, Ha Noi",France,True,False,Monday - Friday,False
SVTech,"Ho Chi Minh, Ha Noi",Viet Nam,True,False,Monday - Friday,True
Swag Soft,"District 1, Ho Chi Minh",Singapore,False,True,Monday - Friday,False
Swiss Post Solutions Vietnam,"District 12, Ho Chi Minh",Switzerland,False,True,Monday - Friday,True
Syno Japan,"Dong Da, Ha Noi",Japan,False,True,Monday - Friday,False
Taixin Printing Vina,Others,Viet Nam,False,True,Monday - Friday,False
"Takako Vietnam Co., Ltd.","27 Doc Lap Avenue, VSIP",Viet Nam,False,True,Monday - Friday,False
TaleCity,"District 1, Ho Chi Minh",Viet Nam,False,True,Monday - Friday,False
Tâm Việt Tech JSC,"Dong Da, Ha Noi",Viet Nam,True,False,Monday - Friday,False
Tam Vương,Ha Noi,Viet Nam,False,True,Monday - Friday,False
Tập Đoàn Đại Trường Phát,"Phu Nhuan, Ho Chi Minh",Viet Nam,False,True,Monday - Friday,True
Tập đoàn Y tế Phương Đông,"Ha Noi, Da Nang, Ho Chi Minh",Viet Nam,False,True,Monday - Friday,False
Tapi Group,"Cau Giay, Ha Noi",Viet Nam,False,True,Monday - Friday,False
T.A.T,"Ho Chi Minh, Ho Chi Minh, Ha Noi",Viet Nam,False,True,Monday - Saturday,False
Tecapro,"Cau Giay, Ha Noi",Viet Nam,False,True,Monday - Saturday,True
Techbase Vietnam,"District 1, Ho Chi Minh",Japan,False,True,Monday - Friday,False
Techcombank,"Hai Ba Trung, Ha Noi",Viet Nam,False,True,Monday - Friday,False
Techcom Securities,"Ha Noi, Ho Chi Minh",Viet Nam,False,True,Monday - Saturday,False
TECH JDI,"Tan Binh, Ho Chi Minh",Singapore,False,True,Monday - Friday,False
Techub,"Binh Thanh, Ho Chi Minh",Singapore,True,False,Monday - Friday,False
Techvico,"Dong Da, Ha Noi",Viet Nam,False,True,Monday - Friday,False
TEE COIN VIETNAM,"District 3, Ho Chi Minh",Singapore,False,True,Monday - Friday,False
Tek Experts,"Ba Dinh, Ha Noi",Viet Nam,True,False,Monday - Friday,False
Teko Vietnam,"Ha Noi, Ho Chi Minh",Viet Nam,False,True,Monday - Friday,True
TEKYHOLDINGS,"Ha Dong, Ha Noi",Viet Nam,False,True,Monday - Saturday,False
Telsoft JSC,"Nam Tu Liem, Ha Noi",Viet Nam,False,True,Monday - Saturday,True
Ten Group,"District 8, Ho Chi Minh",Viet Nam,True,False,Monday - Friday,True
Tenpoint7,"District 1, Ho Chi Minh",United States,False,True,Monday - Friday,False
Terralogic,"District 12, Ho Chi Minh",United States,True,False,Monday - Friday,False
Tester Việt,"Thanh Xuan, Ha Noi",Viet Nam,True,False,Monday - Friday,False
Thai Son Soft,"Cau Giay, Ha Noi",Viet Nam,False,True,Monday - Saturday,False
Thao Chuong Company,"Tan Binh, Ho Chi Minh",United States,False,True,Monday - Friday,False
The API Practice ,"District 4, Ho Chi Minh",Australia,False,True,Monday - Friday,False
The LE company,"District 3, Ho Chi Minh",Viet Nam,False,True,Monday - Friday,False
Theodore Alexander HCM,"Thu Duc, Ho Chi Minh",United States,False,True,null,False
Thiên Minh Group,"Ha Noi, Ho Chi Minh",Viet Nam,False,True,Monday - Friday,False
Thiết Bị Lửa Việt,Ha Noi,Viet Nam,False,True,Monday - Friday,False
THL Software,"District 12, Ho Chi Minh",Viet Nam,True,False,Monday - Friday,False
Thu Do Multimedia,"Thanh Xuan, Ha Noi",Viet Nam,False,True,Monday - Friday,False
Thương Đô,"Thanh Xuan, Ha Noi",Viet Nam,False,True,Monday - Saturday,False
TIBCO Orchestra Networks,"Thanh Xuan, Ha Noi",France,False,True,Monday - Friday,False
TIKI CORPORATION,"Ho Chi Minh, Ha Noi",Viet Nam,False,True,Monday - Friday,False
Tima Group,"Thanh Xuan, Ha Noi",Viet Nam,False,True,Monday - Saturday,True
Tin Học Vũ Thảo,"Phu Nhuan, Ho Chi Minh",Viet Nam,False,True,Monday - Saturday,True
Tinh Van Outsourcing,"Thanh Xuan, Ha Noi",Viet Nam,True,False,Monday - Friday,False
Titan Technology Corporation,"Phu Nhuan, Ho Chi Minh",Viet Nam,True,False,Monday - Friday,False
TJ Tech,"Thanh Xuan, Ha Noi",Singapore,False,True,Monday - Friday,True
T.L.K Group,"District 10, Ho Chi Minh",Viet Nam,False,True,Monday - Friday,False
TLsoft,"Da Nang, Ha Noi",Viet Nam,True,False,Monday - Friday,True
TMA Solutions,"Ho Chi Minh, Ho Chi Minh, Ho Chi Minh",Viet Nam,True,False,Monday - Friday,True
TMON,"Phu Nhuan, Ho Chi Minh",Republic of Korea,False,True,Monday - Friday,False
Tokenomy,Ho Chi Minh,Malaysia,False,True,null,False
TOKIGAMES,Others,Singapore,False,True,Monday - Friday,False
TOMAZ,Others,Viet Nam,False,True,Monday - Friday,False
TOMOCHAIN Việt Nam,"Cau Giay, Ha Noi",Viet Nam,False,True,Monday - Friday,False
TOMOSIA Việt Nam,Ha Noi,Viet Nam,True,False,Monday - Friday,False
Tổng Công ty Hoà Bình Minh,"Ha Dong, Ha Noi",Viet Nam,False,True,Monday - Friday,False
"Toshiba Software Development (Viet Nam) Co, Ltd","Ba Dinh, Ha Noi",Japan,False,True,Monday - Friday,False
Tower  Hanoi,"Nam Tu Liem, Ha Noi",Viet Nam,False,True,Monday - Friday,False
TP Entertainment,"Thanh Xuan, Ha Noi",Viet Nam,False,True,Monday - Friday,False
TP&P Technology,"Tan Binh, Ho Chi Minh",United States,True,False,Monday - Friday,False
TPS Software,"Tan Binh, Ho Chi Minh",Viet Nam,True,False,Monday - Friday,False
TQS GROUP,"District 3, Ho Chi Minh",Viet Nam,False,True,Monday - Friday,True
TradeLink Technologies Ltd,"District 1, Ho Chi Minh",United States,False,True,Monday - Friday,False
Transcosmos Technologic Arts,"District 1, Ho Chi Minh",Japan,False,True,Monday - Friday,False
"TRENTE Vietnam Co., Ltd ","Cau Giay, Ha Noi",Japan,True,False,Monday - Friday,False
Trí Anh Solution ,"District 10, Ho Chi Minh",Viet Nam,False,True,Monday - Friday,False
Tribal Media House Technology Lab Co. Ltd.,"Cau Giay, Ha Noi",Japan,False,True,Monday - Friday,False
"Tri Nam TDI.,JSC","Cau Giay, Ha Noi",Viet Nam,False,True,Monday - Saturday,False
Tri Thuc Moi,"Cau Giay, Ha Noi",Viet Nam,False,True,Monday - Friday,False
Tron E Tech INC,Ho Chi Minh,Philippines,False,True,Monday - Friday,False
TrophyRoom,Ho Chi Minh,Singapore,False,True,Monday - Friday,False
True Money,"Dong Da, Ha Noi",Viet Nam,False,True,Monday - Friday,False
Trung Nguyen International,"District 3, Ho Chi Minh",Singapore,False,True,null,False
Trung tâm công nghệ thông tin MobiFone,"Cau Giay, Ha Noi",Viet Nam,False,True,Monday - Friday,False
Trường Doanh Nhân PACE ,"District 1, Ho Chi Minh",Viet Nam,False,True,Monday - Friday,True
Trusting Social,"District 1, Ho Chi Minh",Singapore,False,True,Monday - Friday,False
TTC Solutions,"Ha Dong, Ha Noi",Viet Nam,False,True,Monday - Friday,False
TTT Corporation,"District 1, Ho Chi Minh",Viet Nam,False,True,null,False
T-VAN HILO,"Ha Noi, Ho Chi Minh",Viet Nam,False,True,Monday - Friday,True
TYME Digital,"District 1, Ho Chi Minh",Viet Nam,False,True,Monday - Friday,True
UniAdmissions,Ho Chi Minh,United Kingdom,False,True,Monday - Friday,False
Unicap,"Ba Dinh, Ha Noi",Viet Nam,False,True,null,False
Uniccs Viet Nam,"Tan Binh, Ho Chi Minh",Japan,False,True,Monday - Friday,True
UNIDO,"Ba Dinh, Ha Noi",Viet Nam,False,True,Monday - Friday,False
Unimob ,"Dong Da, Ha Noi",Viet Nam,False,True,Monday - Friday,False
UNIT Corp,"Ho Chi Minh, Ha Noi",Viet Nam,False,True,Monday - Friday,False
Unitech ,"Hai Chau, Da Nang",Viet Nam,True,False,Monday - Friday,False
Urbanfox,"District 3, Ho Chi Minh",Singapore,False,True,Monday - Friday,False
URBOX,"Ha Noi, Ho Chi Minh",Viet Nam,False,True,Monday - Friday,False
User Experience Researchers,"Tan Binh, Ho Chi Minh",Singapore,False,True,Monday - Friday,False
Usol Vietnam,"Cau Giay, Ha Noi",Viet Nam,True,False,Monday - Friday,False
V3SI,"Phu Nhuan, Ho Chi Minh",Viet Nam,True,False,Monday - Friday,False
VACOM,Ha Noi,Viet Nam,False,True,Monday - Friday,False
VAECO,Ha Noi,Viet Nam,False,True,Monday - Friday,False
Văn Phòng Đào tạo Quốc tế - Đại học Bách Khoa,Ho Chi Minh,Viet Nam,False,True,Monday - Friday,False
VDATA,"Dong Da, Ha Noi",Viet Nam,False,True,null,False
Vedan,Others,Viet Nam,False,True,Monday - Friday,False
Velacorp,"Nam Tu Liem, Ha Noi",Viet Nam,False,True,Monday - Saturday,False
Velotrade,"District 3, Ho Chi Minh",Hong Kong,False,True,Monday - Friday,False
Verz Design,"Binh Thanh, Ho Chi Minh",Singapore,True,False,Monday - Friday,False
VeXeRe,"Tan Phu, Ho Chi Minh",Viet Nam,False,True,Monday - Saturday,False
Vgroup,"Dong Da, Ha Noi",Viet Nam,True,False,Monday - Friday,True
VHV,"Tay Ho, Ha Noi",Viet Nam,True,False,Monday - Saturday,False
VICO GROUP,"Hai Ba Trung, Ha Noi",Viet Nam,True,False,Monday - Friday,False
Viện Công nghệ viễn thông ,"Phu Nhuan, Ho Chi Minh",Viet Nam,False,True,Monday - Friday,False
Viện Thẩm Mỹ Quốc Tế Linh Anh,"District 10, Ho Chi Minh",Viet Nam,False,True,Monday - Friday,False
Viễn thông Khánh Hội,Ho Chi Minh,Viet Nam,False,True,Monday - Friday,False
VietChem,"Hai Ba Trung, Ha Noi",Viet Nam,False,True,Monday - Friday,False
VietCom,"Thanh Xuan, Ha Noi",Viet Nam,False,True,Monday - Saturday,True
VietCont ,"Ho Chi Minh, Others",Viet Nam,False,True,Monday - Friday,False
Vietec,"Cau Giay, Ha Noi",Viet Nam,False,True,Monday - Friday,False
Việt Engineering,Ho Chi Minh,Viet Nam,False,True,Monday - Friday,False
Vietmobi,"Dong Da, Ha Noi",Viet Nam,False,True,Monday - Saturday,True
VietnamCredit,"Thanh Xuan, Ha Noi",Viet Nam,False,True,Monday - Saturday,True
VIET NAM HUMAN ENGINEERING (VHEC),"Nam Tu Liem, Ha Noi",Viet Nam,True,False,Monday - Friday,True
Vietnam International Bank (VIB),"Ha Noi, Ho Chi Minh",Viet Nam,False,True,Monday - Friday,False
"Vietnam - QT ESS., JSC","Cau Giay, Ha Noi",Viet Nam,False,True,Monday - Saturday,True
VietSunshine,"Ho Chi Minh, Ho Chi Minh, Ha Noi",Viet Nam,False,True,Monday - Friday,False
VIETTECH SMART SYS JSC,"Tan Binh, Ho Chi Minh",Viet Nam,False,True,Monday - Friday,False
Viettel Group,"Other, Ha Noi",Viet Nam,False,True,Monday - Friday,False
Viettel Media,"Nam Tu Liem, Ha Noi",Viet Nam,False,True,Monday - Saturday,False
VietUnion (Payoo),"District 1, Ho Chi Minh",Viet Nam,False,True,Monday - Friday,False
Việt Vang,"District 5, Ho Chi Minh",Viet Nam,True,False,Monday - Friday,False
Viet Vuong Telecom,Ha Noi,Viet Nam,False,True,null,False
Viet Wave,"Binh Thanh, Ho Chi Minh",Viet Nam,False,True,Monday - Friday,False
Vigilant Video,"Phu Nhuan, Ho Chi Minh",United States,True,False,Monday - Friday,False
Vimotech,"Cau Giay, Ha Noi",Viet Nam,False,True,Monday - Saturday,True
Vinaresearch,"District 3, Ho Chi Minh",Japan,True,False,Monday - Friday,False
VINATTI,Ha Noi,Viet Nam,False,True,Monday - Friday,False
Vincere,"District 1, Ho Chi Minh",Singapore,False,True,Monday - Friday,False
Vinova,"Go Vap, Ho Chi Minh",Singapore,True,False,Monday - Friday,True
Viosoft Vietnam,"Bac Tu Liem, Ha Noi",United States,False,True,Monday - Friday,False
VIRALWORKS,"Binh Thanh, Ho Chi Minh",Viet Nam,False,True,Monday - Friday,False
Virtual Desire Events (VDEs),"Binh Thanh, Ho Chi Minh",Viet Nam,False,True,Monday - Friday,False
Vision Vietnam,"Ho Chi Minh, Ha Noi",Japan,True,False,Monday - Friday,True
Vitalify Asia,"District 3, Ho Chi Minh",Japan,True,False,Monday - Friday,True
VLAB J.S.C,"District 1, Ho Chi Minh",Viet Nam,False,True,Monday - Friday,True
VMG Media,"Dong Da, Ha Noi",Viet Nam,False,True,Monday - Friday,False
Vmodev Hà Nội,"Cau Giay, Ha Noi",Viet Nam,True,False,Monday - Friday,False
VNDIRECT,"Dong Da, Ha Noi",Viet Nam,False,True,Monday - Friday,False
VNEXT SOFTWARE,"Cau Giay, Ha Noi",Japan,True,False,Monday - Friday,False
VNG Corporation,"Ho Chi Minh, Ho Chi Minh",Viet Nam,False,True,Monday - Friday,False
VNIB Tech,"Tan Binh, Ho Chi Minh",Republic of Korea,False,True,Monday - Friday,False
VN Ngày Nay,"District 4, Ho Chi Minh",Viet Nam,False,True,Monday - Friday,False
VNPAY,"Dong Da, Ha Noi",Viet Nam,False,True,Monday - Friday,True
Vnpt Bình Phước,Others,Viet Nam,False,True,Monday - Friday,False
VNPT Technology,"Cau Giay, Ha Noi",Viet Nam,False,True,Monday - Friday,False
Vntrip OTA,"Thanh Xuan, Ha Noi",Viet Nam,False,True,Monday - Friday,False
VPBank,"Ha Noi, Ho Chi Minh",Viet Nam,False,True,Monday - Saturday,False
VSB Việt Nam ,"Hoang Mai, Ha Noi",Viet Nam,False,True,Monday - Friday,False
VSIT,"Binh Thanh, Ho Chi Minh",Viet Nam,False,True,null,False
VSSOFT,"Ha Dong, Ha Noi",Viet Nam,False,True,Monday - Friday,False
VTI,"Cau Giay, Ha Noi",Viet Nam,True,False,Monday - Friday,True
VTL-Solutions Ltd.,"District 5, Ho Chi Minh",Hong Kong,False,True,Monday - Saturday,False
VTPostTek (A Member of Viettel Post),"Nam Tu Liem, Ha Noi",Viet Nam,False,True,Monday - Saturday,False
VTSWAY,"Tan Binh, Ho Chi Minh",Viet Nam,True,False,Monday - Friday,False
Vulcan Labs,"District 1, Ho Chi Minh",Viet Nam,False,True,Monday - Friday,False
VUS,"District 1, Ho Chi Minh",Viet Nam,False,True,Monday - Friday,True
VVM,"Dong Da, Ha Noi",Viet Nam,False,True,Monday - Friday,False
W2solution Việt Nam,"Other, Ho Chi Minh",Japan,True,False,Monday - Friday,False
W360S - Vua Hệ Thống,"Lầu 6, Silver Sea Tower, 47 Bacu, P.1, TP.Vũng Tàu",Viet Nam,False,True,null,False
Wall Street English,"District 3, Ho Chi Minh",Viet Nam,False,True,Monday - Friday,False
Wasabi,"District 1, Ho Chi Minh",Japan,False,True,Monday - Friday,False
Wavelength Opto-Electronic,Ho Chi Minh,Singapore,False,True,Monday - Friday,False
Waverley Software,"Tan Binh, Ho Chi Minh",United States,True,False,Monday - Friday,False
WebCool,"Ha Noi, Ha Noi",Viet Nam,False,True,Monday - Friday,False
Web Sai Gon,"Phu Nhuan, Ho Chi Minh",United States,True,False,Monday - Friday,True
WECASH,"District 1, Ho Chi Minh",Singapore,False,True,Monday - Friday,False
WECHEER.IO,"Phu Nhuan, Ho Chi Minh",Switzerland,False,True,Monday - Friday,False
WEEGOON GLOBAL,"Thanh Xuan, Ha Noi",Viet Nam,False,True,Monday - Friday,False
Wirecard (Vietnam),"Ho Chi Minh, Ha Noi",Germany,False,True,Monday - Friday,False
WIRED ASIA PACIFIC VIETNAM,"Hai Ba Trung, Ha Noi",Japan,True,False,Monday - Friday,False
Wisewires,"Cau Giay, Ha Noi",Republic of Korea,True,False,Monday - Friday,True
Wizeline,"District 10, Ho Chi Minh",United States,False,True,Monday - Friday,False
Wizworks | Phúc Thái,"Ha Dong, Ha Noi",Viet Nam,False,True,Monday - Friday,False
Wollyong Việt Nam,"Ha Noi, Ha Noi",Viet Nam,False,True,Monday - Friday,False
Wonderlabs,"District 4, Ho Chi Minh",Singapore,True,False,Monday - Friday,False
Woodsland,"Other, Ha Noi",Viet Nam,False,True,null,False
World Mosquito Program,"District 1, Ho Chi Minh",Australia,False,True,Monday - Friday,False
WTV Global,"Cau Giay, Ha Noi",United Kingdom,False,True,Monday - Friday,False
xboss,"District 1, Ho Chi Minh",Viet Nam,False,True,Monday - Saturday,True
Xoontec,"Phu Nhuan, Ho Chi Minh",Viet Nam,False,True,Monday - Friday,False
"Xtrans VN Co., Ltd","District 1, Ho Chi Minh",Japan,False,True,Monday - Friday,True
Xvolve,"Cau Giay, Ha Noi",United States,False,True,Monday - Saturday,True
YILUFA,Others,Viet Nam,False,True,Monday - Friday,False
YouthDev,"Binh Thanh, Ho Chi Minh",Viet Nam,True,False,Monday - Friday,False
YST Việt Nam,"44 Phùng Chí Kiên, P. An Đông, Thành phố Huế",Viet Nam,False,True,null,False
Yugo,"Binh Thanh, Ho Chi Minh",Viet Nam,True,False,Monday - Friday,True
Zalo,"District 11, Ho Chi Minh",Viet Nam,False,True,Monday - Friday,False
ZALORA Group,"District 4, Ho Chi Minh",Singapore,False,True,Monday - Friday,False
ZERGITAS,"Cau Giay, Ha Noi",Viet Nam,False,True,Monday - Friday,False
ZIGExN VeNtura,"District 10, Ho Chi Minh",Japan,False,True,Monday - Friday,False
Zitga Studios,"Ha Noi, Ho Chi Minh",Viet Nam,False,True,Monday - Friday,True
